5,"January 22, 2023 at 1:30 AM"
8,"October 21, 2022 at 2:56 AM"
9,"May 31, 2022 at 10:44 PM"
9,"April 2, 2022 at 11:26 AM"
5,"January 22, 2023 at 1:30 AM"
5,"January 22, 2023 at 1:30 AM"
8,"October 21, 2022 at 2:56 AM"
9,"May 31, 2022 at 10:44 PM"
9,"May 31, 2022 at 10:44 PM"
10,"November 15, 2021 at 9:47 PM"
11,"August 4, 2021 at 2:15 AM"
15,"September 14, 2021 at 8:41 AM"
15,"August 3, 2021 at 11:13 PM"
15,"May 30, 2021 at 1:33 AM"
19,"May 28, 2021 at 2:49 PM"
20,"May 1, 2022 at 4:01 AM"
20,"November 10, 2021 at 10:54 PM"
20,"August 6, 2021 at 4:18 PM"
20,"July 15, 2021 at 5:42 PM"
23,"January 9, 2022 at 1:22 AM"
23,"June 3, 2021 at 3:40 PM"
23,"May 27, 2021 at 6:42 PM"
25,"May 24, 2021 at 8:27 PM"
25,"May 4, 2021 at 9:50 PM"
25,"May 3, 2021 at 6:31 PM"
29,"November 11, 2023 at 6:04 AM"
31,"August 11, 2021 at 3:03 AM"
32,"January 14, 2023 at 1:45 AM"
36,"December 30, 2021 at 6:38 AM"
36,"October 27, 2021 at 8:32 AM"
36,"September 20, 2021 at 12:00 PM"
38,"November 20, 2023 at 8:41 PM"
38,"October 2, 2023 at 1:20 PM"
38,"June 5, 2021 at 7:57 PM"
38,"May 31, 2021 at 8:39 AM"
41,"September 9, 2021 at 3:14 AM"
41,"August 31, 2021 at 5:10 AM"
42,"June 15, 2021 at 5:58 PM"
43,"December 29, 2021 at 7:26 PM"
43,"December 29, 2021 at 7:26 PM"
43,"August 28, 2021 at 5:40 PM"
43,"August 28, 2021 at 4:18 PM"
43,"August 26, 2021 at 10:59 PM"
43,"May 29, 2021 at 4:57 PM"
44,"July 3, 2023 at 5:40 AM"
44,"July 2, 2023 at 7:51 AM"
44,"July 1, 2023 at 7:06 PM"
45,"November 12, 2021 at 5:47 PM"
45,"June 3, 2021 at 1:31 AM"
48,"May 1, 2021 at 10:47 AM"
49,"June 22, 2022 at 4:39 PM"
49,"June 20, 2022 at 4:48 AM"
49,"June 20, 2022 at 4:48 AM"
49,"May 2, 2021 at 1:47 AM"
51,"April 23, 2022 at 1:04 PM"
52,"May 5, 2021 at 10:05 PM"
53,"June 1, 2021 at 7:56 PM"
55,"February 17, 2022 at 4:00 AM"
56,"July 5, 2023 at 10:11 AM"
56,"July 4, 2023 at 8:50 PM"
56,"July 4, 2023 at 6:24 PM"
56,"July 3, 2023 at 1:40 AM"
56,"November 18, 2021 at 12:47 AM"
56,"November 18, 2021 at 12:47 AM"
59,"July 15, 2021 at 5:53 PM"
